{
 "cell": "base",
 "widen": 0,
 "ou": 0.0,
 "final_train": {
  "recon": 11.410062789916992,
  "kl_m": 0.04055684432387352,
  "kl_p": 0.010304574854671955,
  "kl_t": 2.541221857070923
 },
 "tf_post_dec": 0.0,
 "tf_post_lat": 0.22255126533230082,
 "fr_lat": 0.3347255495051101
}