{
 "cell": "both_w5",
 "widen": 5,
 "ou": 0.05,
 "final_train": {
  "recon": 56.277565002441406,
  "kl_m": 0.007866397500038147,
  "kl_p": 0.021456535905599594,
  "kl_t": 0.2960319519042969
 },
 "tf_post_dec": 0.613554739903058,
 "tf_post_lat": 0.30173769189443106,
 "fr_lat": 0.3365853457209132
}