{
 "cell": "both_strong",
 "widen": 5,
 "ou": 0.1,
 "final_train": {
  "recon": 58.247432708740234,
  "kl_m": 0.008260847069323063,
  "kl_p": 0.01890687458217144,
  "kl_t": 0.1840468943119049
 },
 "tf_post_dec": 0.6224603107822885,
 "tf_post_lat": 0.0125,
 "fr_lat": 0.34356701795777544
}