{
 "cell": "both_w6",
 "widen": 6,
 "ou": 0.05,
 "final_train": {
  "recon": 65.5146484375,
  "kl_m": 0.009286587126553059,
  "kl_p": 0.019116215407848358,
  "kl_t": 0.31529104709625244
 },
 "tf_post_dec": 0.5903333942193751,
 "tf_post_lat": 0.011029411764705883,
 "fr_lat": 0.3303453587541285
}