{
 "cell": "both",
 "widen": 3,
 "ou": 0.05,
 "final_train": {
  "recon": 38.487548828125,
  "kl_m": 0.019964858889579773,
  "kl_p": 0.023873062804341316,
  "kl_t": 0.7752115726470947
 },
 "tf_post_dec": 0.5042089364704476,
 "tf_post_lat": 0.0997297771343324,
 "fr_lat": 0.017857142857142856
}