{
 "cell": "combo_a5s1",
 "widen": 6,
 "ou": 0.0,
 "latent_only": true,
 "overshoot": 1,
 "survival_weight": 0.1,
 "tierb": true,
 "tierb_anchor": 0.5,
 "final_train": {
  "recon": 75.31127166748047,
  "kl_m": 0.0027265094686299562,
  "kl_p": 0.004601508378982544,
  "kl_t": 0.14564117789268494,
  "os": 0.0,
  "surv": 14.407904624938965
 },
 "tf_post_dec": 0.0,
 "tf_post_lat": 0.0,
 "fr_lat": 0.2525828045385542,
 "tf_tempo_Acc1": 0.0625,
 "tf_tempo_corr": 0.18193121900243503
}