{
 "cell": "combo_a3s1",
 "widen": 6,
 "ou": 0.0,
 "latent_only": true,
 "overshoot": 1,
 "survival_weight": 0.1,
 "tierb": true,
 "tierb_anchor": 0.3,
 "final_train": {
  "recon": 23.8839054107666,
  "kl_m": 0.02900657057762146,
  "kl_p": 12.32083511352539,
  "kl_t": 0.2275816798210144,
  "os": 0.0,
  "surv": 15.177242279052734
 },
 "tf_post_dec": 0.9987244897959184,
 "tf_post_lat": 0.6506966812323955,
 "fr_lat": 0.38830465463067865,
 "tf_tempo_Acc1": 0.0,
 "tf_tempo_corr": 0.05933706124023484
}