{
 "cell": "combo_a3s05",
 "widen": 6,
 "ou": 0.0,
 "latent_only": true,
 "overshoot": 1,
 "survival_weight": 0.05,
 "tierb": true,
 "tierb_anchor": 0.3,
 "final_train": {
  "recon": 45.37677001953125,
  "kl_m": 0.011672917753458023,
  "kl_p": 2.9447429180145264,
  "kl_t": 0.386569619178772,
  "os": 0.0,
  "surv": 16.3310489654541
 },
 "tf_post_dec": 0.8205930556592831,
 "tf_post_lat": 0.3619912781661434,
 "fr_lat": 0.38216947022356956,
 "tf_tempo_Acc1": 0.0,
 "tf_tempo_corr": 0.08163310883772082
}