{
 "cell": "dist_a5",
 "widen": 6,
 "ou": 0.0,
 "latent_only": true,
 "overshoot": 1,
 "survival_weight": 0.0,
 "tierb": true,
 "tierb_anchor": 0.5,
 "freerun_weight": 0.0,
 "ss_prob": 0.0,
 "h_dropout": 0.0,
 "distill_weight": 1.0,
 "final_train": {
  "recon": 41.744415283203125,
  "kl_m": 0.01638907380402088,
  "kl_p": 34.867897033691406,
  "kl_t": 0.2879127264022827,
  "os": 0.0,
  "surv": 0.0,
  "distill": 2.267136335372925
 },
 "tf_post_dec": 0.9925940044558876,
 "tf_post_lat": 0.5748329914121877,
 "fr_lat": 0.3274125633210597,
 "tf_tempo_Acc1": 0.0,
 "tf_tempo_corr": 0.2680241407168025
}