{
 "cell": "dist_a8",
 "widen": 6,
 "ou": 0.0,
 "latent_only": true,
 "overshoot": 1,
 "survival_weight": 0.0,
 "tierb": true,
 "tierb_anchor": 0.8,
 "freerun_weight": 0.0,
 "ss_prob": 0.0,
 "h_dropout": 0.0,
 "distill_weight": 1.0,
 "final_train": {
  "recon": 32.327274322509766,
  "kl_m": 0.016382774338126183,
  "kl_p": 32.22374725341797,
  "kl_t": 1.0383203029632568,
  "os": 0.0,
  "surv": 0.0,
  "distill": 1.3474111557006836
 },
 "tf_post_dec": 0.9925940044558876,
 "tf_post_lat": 0.6455559793478688,
 "fr_lat": 0.39993284720978545,
 "tf_tempo_Acc1": 0.0,
 "tf_tempo_corr": 0.24449899283255008
}