{
 "cell": "frec_faith",
 "widen": 6,
 "ou": 0.0,
 "latent_only": true,
 "overshoot": 1,
 "survival_weight": 0.0,
 "tierb": false,
 "tierb_anchor": 0.0,
 "freerun_weight": 1.0,
 "final_train": {
  "recon": 76.21728515625,
  "kl_m": 1.2435429096221924,
  "kl_p": 1.210166573524475,
  "kl_t": 54.28742980957031,
  "os": 0.0,
  "surv": 0.0
 },
 "tf_post_dec": 0.0,
 "tf_post_lat": 0.024802199464177686,
 "fr_lat": 0.24160903295090574,
 "tf_tempo_Acc1": 0.0,
 "tf_tempo_corr": 0.06296989232319798
}