{
 "cell": "frec_tierb",
 "widen": 6,
 "ou": 0.0,
 "latent_only": true,
 "overshoot": 1,
 "survival_weight": 0.0,
 "tierb": true,
 "tierb_anchor": 0.3,
 "freerun_weight": 1.0,
 "final_train": {
  "recon": 75.79010772705078,
  "kl_m": 0.012654079124331474,
  "kl_p": 0.01800382323563099,
  "kl_t": 0.20899876952171326,
  "os": 0.0,
  "surv": 0.0
 },
 "tf_post_dec": 0.0,
 "tf_post_lat": 0.07825932347991171,
 "fr_lat": 0.3781426222064894,
 "tf_tempo_Acc1": 0.0,
 "tf_tempo_corr": 0.35911307020466904
}