{
 "cell": "frec_tierb2",
 "widen": 6,
 "ou": 0.0,
 "latent_only": true,
 "overshoot": 1,
 "survival_weight": 0.0,
 "tierb": true,
 "tierb_anchor": 0.5,
 "freerun_weight": 2.0,
 "final_train": {
  "recon": 76.38816833496094,
  "kl_m": 0.1576911211013794,
  "kl_p": 0.1854434311389923,
  "kl_t": 1.3910695314407349,
  "os": 0.0,
  "surv": 0.0
 },
 "tf_post_dec": 0.0,
 "tf_post_lat": 0.024717853985095364,
 "fr_lat": 0.2644705844524802,
 "tf_tempo_Acc1": 0.0,
 "tf_tempo_corr": 0.3466550646475044
}