{
 "cell": "ou05",
 "widen": 0,
 "ou": 0.05,
 "final_train": {
  "recon": 10.663339614868164,
  "kl_m": 0.0045618824660778046,
  "kl_p": 0.013401702046394348,
  "kl_t": 0.45240944623947144
 },
 "tf_post_dec": 0.0,
 "tf_post_lat": 0.0,
 "fr_lat": 0.3337798403238799
}