{
 "cell": "ou10",
 "widen": 0,
 "ou": 0.1,
 "final_train": {
  "recon": 10.536138534545898,
  "kl_m": 0.018623111769557,
  "kl_p": 0.01167445071041584,
  "kl_t": 0.15170851349830627
 },
 "tf_post_dec": 0.0,
 "tf_post_lat": 0.04541668289232007,
 "fr_lat": 0.3360481016594375
}