{
 "cell": "ss05",
 "widen": 6,
 "ou": 0.0,
 "latent_only": true,
 "overshoot": 1,
 "survival_weight": 0.0,
 "tierb": false,
 "tierb_anchor": 0.0,
 "freerun_weight": 0.0,
 "ss_prob": 0.5,
 "h_dropout": 0.0,
 "final_train": {
  "recon": 79.31653594970703,
  "kl_m": 0.015328377485275269,
  "kl_p": 0.08590012788772583,
  "kl_t": 0.9329671859741211,
  "os": 0.0,
  "surv": 0.0
 },
 "tf_post_dec": 0.5581629976092493,
 "tf_post_lat": 0.15590664432385098,
 "fr_lat": 0.019160583941605837,
 "tf_tempo_Acc1": 0.0,
 "tf_tempo_corr": 0.23736698484986807
}