{
 "cell": "ss08",
 "widen": 6,
 "ou": 0.0,
 "latent_only": true,
 "overshoot": 1,
 "survival_weight": 0.0,
 "tierb": false,
 "tierb_anchor": 0.0,
 "freerun_weight": 0.0,
 "ss_prob": 0.8,
 "h_dropout": 0.0,
 "final_train": {
  "recon": 76.40072631835938,
  "kl_m": 1.1530132293701172,
  "kl_p": 1.046511173248291,
  "kl_t": 194.2240447998047,
  "os": 0.0,
  "surv": 0.0
 },
 "tf_post_dec": 0.0,
 "tf_post_lat": 0.01986451048951049,
 "fr_lat": 0.0175,
 "tf_tempo_Acc1": 0.0,
 "tf_tempo_corr": 0.4122276155167279
}