{
 "cell": "ss_surv",
 "widen": 6,
 "ou": 0.0,
 "latent_only": true,
 "overshoot": 1,
 "survival_weight": 0.1,
 "tierb": false,
 "tierb_anchor": 0.0,
 "freerun_weight": 0.0,
 "ss_prob": 0.5,
 "h_dropout": 0.0,
 "final_train": {
  "recon": 72.33674621582031,
  "kl_m": 0.04052986577153206,
  "kl_p": 0.03022451139986515,
  "kl_t": 4.261648654937744,
  "os": 0.0,
  "surv": 18.06901741027832
 },
 "tf_post_dec": 0.0,
 "tf_post_lat": 0.4268123097803801,
 "fr_lat": 0.4031253659730485,
 "tf_tempo_Acc1": 0.0,
 "tf_tempo_corr": -0.5882014210935743
}