{
 "cell": "surv10",
 "widen": 6,
 "ou": 0.0,
 "latent_only": true,
 "overshoot": 1,
 "survival_weight": 1.0,
 "final_train": {
  "recon": 71.0087890625,
  "kl_m": 0.0379960797727108,
  "kl_p": 0.035152483731508255,
  "kl_t": 4.732879638671875,
  "os": 0.0,
  "surv": 13.03877067565918
 },
 "tf_post_dec": 0.0,
 "tf_post_lat": 0.26787595689383736,
 "fr_lat": 0.37061857933833675,
 "tempo_Acc1": 0.0
}