{
 "cell": "surv05",
 "widen": 6,
 "ou": 0.0,
 "latent_only": true,
 "overshoot": 1,
 "survival_weight": 0.5,
 "final_train": {
  "recon": 72.23627471923828,
  "kl_m": 0.022440746426582336,
  "kl_p": 0.03599604591727257,
  "kl_t": 1.8436180353164673,
  "os": 0.0,
  "surv": 13.08761978149414
 },
 "tf_post_dec": 0.0,
 "tf_post_lat": 0.004166666666666667,
 "fr_lat": 0.40675554438229544,
 "tempo_Acc1": 0.0
}