{
 "cell": "survh05",
 "widen": 6,
 "ou": 0.0,
 "latent_only": false,
 "overshoot": 1,
 "survival_weight": 0.5,
 "tierb": false,
 "final_train": {
  "recon": 60.120079040527344,
  "kl_m": 0.036999329924583435,
  "kl_p": 0.04133354872465134,
  "kl_t": 1.7242155075073242,
  "os": 0.0,
  "surv": 14.170435905456543
 },
 "tf_post_dec": 0.604517542689204,
 "tf_post_lat": 0.0,
 "fr_lat": 0.3827384946654394,
 "tf_tempo_Acc1": 0.0625,
 "tf_tempo_corr": 0.4576804145528247
}