{
 "cell": "survh02",
 "widen": 6,
 "ou": 0.0,
 "latent_only": false,
 "overshoot": 1,
 "survival_weight": 0.2,
 "tierb": false,
 "final_train": {
  "recon": 58.840782165527344,
  "kl_m": 0.021002147346735,
  "kl_p": 0.022411217913031578,
  "kl_t": 1.5017526149749756,
  "os": 0.0,
  "surv": 13.880484580993652
 },
 "tf_post_dec": 0.5514075651237403,
 "tf_post_lat": 0.03196683078349077,
 "fr_lat": 0.40601332721242483,
 "tf_tempo_Acc1": 0.0,
 "tf_tempo_corr": 0.4988154992566365
}