{
 "cell": "surv02",
 "widen": 6,
 "ou": 0.0,
 "latent_only": true,
 "overshoot": 1,
 "survival_weight": 0.2,
 "final_train": {
  "recon": 68.32273864746094,
  "kl_m": 0.020946340635418892,
  "kl_p": 0.03597037121653557,
  "kl_t": 1.561315894126892,
  "os": 0.0,
  "surv": 17.40835952758789
 },
 "tf_post_dec": 0.0,
 "tf_post_lat": 0.3359262011662406,
 "fr_lat": 0.4117379582709903,
 "tempo_Acc1": 0.0
}