{
 "cell": "w6_latent_ou",
 "widen": 6,
 "ou": 0.05,
 "latent_only": true,
 "final_train": {
  "recon": 60.69383239746094,
  "kl_m": 0.013107373379170895,
  "kl_p": 0.07246570289134979,
  "kl_t": 0.5191206932067871
 },
 "tf_post_dec": 0.6691432743284362,
 "tf_post_lat": 0.4139063587782009,
 "fr_lat": 0.33240361084728504
}