{
 "cell": "w6_latent",
 "widen": 6,
 "ou": 0.0,
 "latent_only": true,
 "final_train": {
  "recon": 62.358917236328125,
  "kl_m": 0.0177554152905941,
  "kl_p": 0.126915842294693,
  "kl_t": 1.4274810552597046
 },
 "tf_post_dec": 0.6654027193860206,
 "tf_post_lat": 0.39481603978686747,
 "fr_lat": 0.018884892086330936
}