{
 "cell": "w6lat_os4",
 "widen": 6,
 "ou": 0.0,
 "latent_only": true,
 "overshoot": 4,
 "final_train": {
  "recon": 72.40141296386719,
  "kl_m": 0.0591372549533844,
  "kl_p": 0.028178511187434196,
  "kl_t": 21.07107925415039,
  "os": 52.97607421875
 },
 "tf_post_dec": 0.0,
 "tf_post_lat": 0.0,
 "fr_lat": 0.3318969779639783
}