{
 "cell": "w6lat_ou20",
 "widen": 6,
 "ou": 0.2,
 "latent_only": true,
 "overshoot": 1,
 "final_train": {
  "recon": 69.72323608398438,
  "kl_m": 0.01740061305463314,
  "kl_p": 0.021578093990683556,
  "kl_t": 0.32233133912086487,
  "os": 0.0
 },
 "tf_post_dec": 0.0,
 "tf_post_lat": 0.13122575434326267,
 "fr_lat": 0.372031208640875
}