{
 "cell": "w6lat_os8",
 "widen": 6,
 "ou": 0.0,
 "latent_only": true,
 "overshoot": 8,
 "final_train": {
  "recon": 77.99214172363281,
  "kl_m": 1.6412408351898193,
  "kl_p": 0.08019226789474487,
  "kl_t": 43.43871307373047,
  "os": 71.12371063232422
 },
 "tf_post_dec": 0.0,
 "tf_post_lat": 0.0,
 "fr_lat": 0.33101773770637766
}