{
 "cell": "w6lat_oulong",
 "widen": 6,
 "ou": 0.05,
 "latent_only": true,
 "overshoot": 1,
 "final_train": {
  "recon": 30.886079788208008,
  "kl_m": 0.022625617682933807,
  "kl_p": 39.763916015625,
  "kl_t": 3.058821678161621,
  "os": 0.0
 },
 "tf_post_dec": 0.9925940044558876,
 "tf_post_lat": 0.6065434811618926,
 "fr_lat": 0.35552278634156675
}