{
 "cell": "w6lat_ou10",
 "widen": 6,
 "ou": 0.1,
 "latent_only": true,
 "overshoot": 1,
 "final_train": {
  "recon": 62.918701171875,
  "kl_m": 0.013249661773443222,
  "kl_p": 0.07216501981019974,
  "kl_t": 0.6211017370223999,
  "os": 0.0
 },
 "tf_post_dec": 0.5564654562782718,
 "tf_post_lat": 0.32871432946867224,
 "fr_lat": 0.34409910222590445
}