{
 "cell": "w6lat_os4fn",
 "widen": 6,
 "ou": 0.0,
 "latent_only": true,
 "overshoot": 4,
 "final_train": {
  "recon": 73.65029907226562,
  "kl_m": 0.46367359161376953,
  "kl_p": 0.07772790640592575,
  "kl_t": 29.3248348236084,
  "os": 250.30059814453125
 },
 "tf_post_dec": 0.0,
 "tf_post_lat": 0.0,
 "fr_lat": 0.3171698777538652
}