{
 "cell": "widen5",
 "widen": 5,
 "ou": 0.0,
 "final_train": {
  "recon": 53.35256576538086,
  "kl_m": 0.00690387561917305,
  "kl_p": 0.0660952478647232,
  "kl_t": 1.4959137439727783
 },
 "tf_post_dec": 0.6066297999583445,
 "tf_post_lat": 0.0,
 "fr_lat": 0.33631543439820255
}