{
 "cell": "widen6",
 "widen": 6,
 "ou": 0.0,
 "final_train": {
  "recon": 61.036415100097656,
  "kl_m": 0.008266172371804714,
  "kl_p": 0.034498296678066254,
  "kl_t": 1.0692201852798462
 },
 "tf_post_dec": 0.5866961321763142,
 "tf_post_lat": 0.06820063157288628,
 "fr_lat": 0.017985611510791366
}