{
 "cell": "widen3",
 "widen": 3,
 "ou": 0.0,
 "final_train": {
  "recon": 37.2509765625,
  "kl_m": 0.017728323116898537,
  "kl_p": 0.04129258170723915,
  "kl_t": 0.6747884154319763
 },
 "tf_post_dec": 0.48223615679882176,
 "tf_post_lat": 0.03444784382284383,
 "fr_lat": 0.018617021276595744
}