{
 "cell": "ws_control",
 "widen": 6,
 "ou": 0.05,
 "latent_only": true,
 "overshoot": 1,
 "survival_weight": 0.0,
 "tierb": false,
 "tierb_anchor": 0.0,
 "freerun_weight": 0.0,
 "ss_prob": 0.0,
 "h_dropout": 0.0,
 "final_train": {
  "recon": 37.16635513305664,
  "kl_m": 0.015534397214651108,
  "kl_p": 30.45083999633789,
  "kl_t": 2.7229080200195312,
  "os": 0.0,
  "surv": 0.0
 },
 "tf_post_dec": 0.9563815111624769,
 "tf_post_lat": 0.262842731339188,
 "fr_lat": 0.3554857508993429,
 "tf_tempo_Acc1": 0.0,
 "tf_tempo_corr": 0.8856775721037076
}