{
 "cell": "ws_ss03",
 "widen": 6,
 "ou": 0.05,
 "latent_only": true,
 "overshoot": 1,
 "survival_weight": 0.0,
 "tierb": false,
 "tierb_anchor": 0.0,
 "freerun_weight": 0.0,
 "ss_prob": 0.3,
 "h_dropout": 0.0,
 "final_train": {
  "recon": 44.92711639404297,
  "kl_m": 0.014694994315505028,
  "kl_p": 33.832271575927734,
  "kl_t": 5.085023880004883,
  "os": 0.0,
  "surv": 0.0
 },
 "tf_post_dec": 0.9940474928279805,
 "tf_post_lat": 0.5272945515695835,
 "fr_lat": 0.36947511064667626,
 "tf_tempo_Acc1": 0.0,
 "tf_tempo_corr": 0.8243563723564075
}